username,verb,category_label,subcluster_label,response_time_ms,timestamp
hunter,think,Anthropomorphic,Cognition,,2026-05-27T15:33:19.631756
hunter,know,Anthropomorphic,Cognition,,2026-05-27T15:33:37.358549
hunter,understand,Anthropomorphic,Cognition,,2026-05-27T15:33:39.669274
hunter,become,Labor Displacement,Performance,,2026-05-27T15:34:12.392410
hunter,retrain,Transformation,Sweeping Change,,2026-05-27T15:34:15.414342
hunter,invent,Labor Displacement,Augmentation,,2026-05-27T15:34:17.637631
hunter,test,Mechanistic,Model Lifecycle,,2026-05-27T15:35:07.413980
hunter,transform,Transformation,Sweeping Change,,2026-05-27T15:35:12.445373
hunter,augment,Epistemic Tool,Discovery,,2026-05-27T15:35:18.413091
hunter,collaborate,Epistemic Tool,Discovery,,2026-05-27T15:35:26.565852
hunter,synthesize,Epistemic Tool,Analysis,3712,2026-05-27T15:37:40.038120
hunter,distill,Epistemic Tool,Discovery,2442,2026-05-27T15:37:42.492343
hunter,accelerate,Epistemic Tool,Analysis,2827,2026-05-27T15:37:45.340576
hunter,eliminate,Threat / Risk,Direct Harm,5303,2026-05-27T15:39:19.778902
hunter,interrogate,Governance,Oversight,21241,2026-05-27T15:39:41.036935
hunter,control,Mechanistic,Output Transform,2099,2026-05-27T15:39:43.147107
